id,percentage_column,bst_time,day_of_week,current_date_bst,temperature,humidity,chance_of_rain,wind
404,1,365,6,2024-09-08,17,93,23,10
405,0,385,6,2024-09-08,16,93,24,10
406,0,405,6,2024-09-08,16,93,24,10
407,0,425,6,2024-09-08,16,93,24,10
408,0,445,6,2024-09-08,16,93,24,10
409,0,465,6,2024-09-08,16,92,24,10
410,10,485,6,2024-09-08,16,92,35,11
411,15,505,6,2024-09-08,16,92,35,11
412,25,525,6,2024-09-08,16,93,24,11
413,18,545,6,2024-09-08,16,91,24,11
414,25,565,6,2024-09-08,16,91,24,11
415,25,585,6,2024-09-08,16,91,24,11
416,25,605,6,2024-09-08,16,91,24,11
417,15,625,6,2024-09-08,16,91,24,11
418,17,645,6,2024-09-08,16,93,19,10
419,22,665,6,2024-09-08,16,93,23,11
420,30,685,6,2024-09-08,16,92,24,10
421,27,705,6,2024-09-08,16,92,24,10
422,25,725,6,2024-09-08,16,93,24,10
423,24,745,6,2024-09-08,16,93,24,10
424,22,765,6,2024-09-08,16,93,15,10
425,28,785,6,2024-09-08,16,92,30,10
426,30,805,6,2024-09-08,16,92,30,10
427,20,825,6,2024-09-08,16,92,30,10
428,17,845,6,2024-09-08,16,92,30,10
429,21,865,6,2024-09-08,16,92,30,10
430,26,885,6,2024-09-08,16,91,9,10
431,44,905,6,2024-09-08,16,91,9,10
432,55,926,6,2024-09-08,8,86,39,11
433,51,945,6,2024-09-08,8,86,40,11
434,45,965,6,2024-09-08,8,85,39,11
435,44,985,6,2024-09-08,8,85,39,11
436,45,1006,6,2024-09-08,8,85,24,11
437,44,1025,6,2024-09-08,7,86,24,10
438,55,1045,6,2024-09-08,7,86,24,11
439,53,1066,6,2024-09-08,7,86,22,9
440,52,1085,6,2024-09-08,7,86,22,9
441,50,1105,6,2024-09-08,7,85,19,10
442,41,1125,6,2024-09-08,7,85,19,10
443,38,1145,6,2024-09-08,7,85,19,10
444,35,1166,6,2024-09-08,7,85,19,10
445,31,1185,6,2024-09-08,7,85,19,10
446,36,1205,6,2024-09-08,7,86,19,9
447,34,1225,6,2024-09-08,7,88,19,7
448,32,1245,6,2024-09-08,7,88,17,7
449,25,1265,6,2024-09-08,7,88,17,7
450,24,1285,6,2024-09-08,7,87,16,7
451,23,1305,6,2024-09-08,7,87,16,7
452,23,365,0,2024-09-09,16,61,3,16
453,0,385,0,2024-09-09,16,60,3,16
454,19,405,0,2024-09-09,16,60,3,16
455,34,425,0,2024-09-09,16,59,2,16
456,36,445,0,2024-09-09,16,58,2,16
457,33,465,0,2024-09-09,16,59,2,16
458,24,485,0,2024-09-09,16,59,2,16
459,17,505,0,2024-09-09,16,58,2,16
460,30,525,0,2024-09-09,16,57,3,16
461,32,545,0,2024-09-09,16,58,4,16
462,35,565,0,2024-09-09,16,58,4,16
463,38,585,0,2024-09-09,16,57,3,16
464,40,606,0,2024-09-09,16,57,3,16
465,42,625,0,2024-09-09,15,58,12,16
466,46,645,0,2024-09-09,15,58,12,16
467,43,665,0,2024-09-09,15,57,12,16
468,53,685,0,2024-09-09,15,57,12,16
469,55,705,0,2024-09-09,15,57,23,16
470,55,725,0,2024-09-09,15,57,35,16
471,57,745,0,2024-09-09,15,57,35,16
472,50,765,0,2024-09-09,16,57,43,16
473,51,785,0,2024-09-09,16,57,43,16
474,48,805,0,2024-09-09,15,56,45,16
475,51,826,0,2024-09-09,16,57,40,17
476,58,845,0,2024-09-09,16,58,36,16
477,75,865,0,2024-09-09,16,58,36,16
478,82,885,0,2024-09-09,15,58,24,17
479,84,905,0,2024-09-09,15,58,24,17
480,89,925,0,2024-09-09,16,57,24,17
481,94,946,0,2024-09-09,10,76,73,17
482,100,965,0,2024-09-09,10,76,68,19
483,74,986,0,2024-09-09,10,77,68,19
484,75,1005,0,2024-09-09,10,77,65,19
485,68,1025,0,2024-09-09,10,77,65,19
486,76,1046,0,2024-09-09,10,77,65,19
487,65,1065,0,2024-09-09,10,80,75,19
488,49,1086,0,2024-09-09,10,83,79,18
489,55,1105,0,2024-09-09,10,83,96,18
490,46,1125,0,2024-09-09,10,83,96,18
491,48,1145,0,2024-09-09,10,85,69,19
492,45,1165,0,2024-09-09,10,85,63,19
493,55,1186,0,2024-09-09,10,85,63,19
494,61,1206,0,2024-09-09,10,85,66,19
495,63,1226,0,2024-09-09,10,85,66,19
496,52,1245,0,2024-09-09,10,86,70,19
497,49,1265,0,2024-09-09,10,86,70,19
498,35,1285,0,2024-09-09,10,87,81,19
499,36,1305,0,2024-09-09,10,87,93,19
500,26,365,1,2024-09-10,14,60,36,27
501,27,385,1,2024-09-10,14,60,9,27
502,48,405,1,2024-09-10,14,60,9,27
503,58,426,1,2024-09-10,14,60,15,27
504,67,445,1,2024-09-10,14,58,2,27
505,65,465,1,2024-09-10,14,59,2,27
506,62,485,1,2024-09-10,14,59,4,27
507,57,505,1,2024-09-10,14,55,3,29
508,55,525,1,2024-09-10,14,55,3,29
509,49,545,1,2024-09-10,14,55,3,28
510,42,565,1,2024-09-10,14,54,4,29
511,44,586,1,2024-09-10,14,52,4,28
512,43,605,1,2024-09-10,14,52,4,28
513,55,625,1,2024-09-10,14,52,4,28
514,61,645,1,2024-09-10,14,52,5,27
515,61,665,1,2024-09-10,15,52,5,26
516,69,685,1,2024-09-10,15,52,5,26
517,66,706,1,2024-09-10,15,52,6,26
518,62,725,1,2024-09-10,15,52,9,26
519,55,745,1,2024-09-10,14,52,21,25
520,48,766,1,2024-09-10,14,52,21,25
521,47,785,1,2024-09-10,14,52,21,25
522,49,805,1,2024-09-10,15,51,24,29
523,47,825,1,2024-09-10,15,51,24,29
524,49,845,1,2024-09-10,16,49,24,21
525,48,865,1,2024-09-10,15,49,24,21
526,54,885,1,2024-09-10,15,50,56,22
527,49,905,1,2024-09-10,15,50,56,22
528,53,925,1,2024-09-10,15,50,56,22
529,50,945,1,2024-09-10,6,66,46,24
530,43,965,1,2024-09-10,6,67,51,24
531,58,985,1,2024-09-10,6,67,51,24
532,65,1005,1,2024-09-10,6,67,47,20
533,67,1025,1,2024-09-10,6,68,42,19
534,77,1045,1,2024-09-10,6,68,42,19
535,63,1065,1,2024-09-10,6,69,16,15
536,50,1085,1,2024-09-10,6,71,11,15
537,55,1106,1,2024-09-10,6,71,11,15
538,54,1126,1,2024-09-10,6,72,10,15
539,59,1145,1,2024-09-10,6,72,10,15
540,39,1166,1,2024-09-10,6,71,9,15
541,32,1185,1,2024-09-10,6,72,8,15
542,35,1205,1,2024-09-10,6,73,5,14
543,30,1225,1,2024-09-10,6,73,5,14
544,27,1245,1,2024-09-10,6,74,5,13
545,26,1266,1,2024-09-10,5,74,5,13
546,24,1286,1,2024-09-10,6,75,10,11
547,17,1305,1,2024-09-10,5,75,16,12
548,9,365,2,2024-09-11,14,60,55,18
549,10,385,2,2024-09-11,14,60,62,18
550,14,405,2,2024-09-11,14,59,16,18
551,29,425,2,2024-09-11,14,59,17,18
552,31,446,2,2024-09-11,14,59,36,18
553,41,466,2,2024-09-11,14,59,36,18
554,38,486,2,2024-09-11,6,72,8,15
555,25,505,2,2024-09-11,15,57,49,18
556,25,525,2,2024-09-11,15,57,49,18
557,21,545,2,2024-09-11,15,55,24,17
558,33,565,2,2024-09-11,14,54,9,17
559,32,585,2,2024-09-11,14,54,15,17
560,32,605,2,2024-09-11,14,52,24,17
561,38,625,2,2024-09-11,14,52,24,17
562,42,645,2,2024-09-11,14,51,24,18
563,53,666,2,2024-09-11,14,51,24,18
564,42,685,2,2024-09-11,14,51,24,18
565,40,706,2,2024-09-11,14,50,24,18
566,35,725,2,2024-09-11,14,50,24,18
567,30,745,2,2024-09-11,14,52,24,18
568,32,765,2,2024-09-11,14,52,24,18
569,30,785,2,2024-09-11,14,51,33,18
570,35,805,2,2024-09-11,14,50,32,17
571,36,825,2,2024-09-11,14,50,35,17
572,37,845,2,2024-09-11,14,50,35,17
573,35,865,2,2024-09-11,14,52,44,15
574,40,885,2,2024-09-11,14,54,44,19
575,49,905,2,2024-09-11,14,53,24,20
576,65,925,2,2024-09-11,5,68,50,16
577,68,946,2,2024-09-11,5,68,50,16
578,66,965,2,2024-09-11,5,68,50,16
579,66,985,2,2024-09-11,5,68,62,13
580,62,1005,2,2024-09-11,5,68,62,13
581,66,1025,2,2024-09-11,5,68,62,13
582,61,1045,2,2024-09-11,5,69,48,13
583,65,1065,2,2024-09-11,5,69,62,14
584,55,1085,2,2024-09-11,5,70,71,13
585,49,1105,2,2024-09-11,5,72,58,11
586,53,1126,2,2024-09-11,5,72,65,11
587,56,1146,2,2024-09-11,5,72,64,11
588,51,1165,2,2024-09-11,5,73,62,15
589,49,1185,2,2024-09-11,5,74,48,15
590,43,1205,2,2024-09-11,5,74,66,11
591,45,1226,2,2024-09-11,5,74,57,10
592,37,1245,2,2024-09-11,5,74,66,10
593,36,1265,2,2024-09-11,5,74,66,10
594,38,1285,2,2024-09-11,5,75,73,10
595,44,1305,2,2024-09-11,5,75,73,10
596,30,366,3,2024-09-12,14,59,7,12
597,31,385,3,2024-09-12,14,60,52,12
598,40,405,3,2024-09-12,14,60,52,12
599,49,425,3,2024-09-12,14,57,55,12
600,52,445,3,2024-09-12,14,57,55,12
601,52,465,3,2024-09-12,14,55,44,12
602,44,485,3,2024-09-12,14,55,44,12
603,42,505,3,2024-09-12,14,54,24,12
604,48,525,3,2024-09-12,14,52,8,12
605,49,545,3,2024-09-12,14,52,4,12
606,50,565,3,2024-09-12,14,51,6,11
607,50,585,3,2024-09-12,14,51,6,11
608,60,605,3,2024-09-12,13,49,7,12
609,64,625,3,2024-09-12,13,49,7,12
610,68,645,3,2024-09-12,13,49,8,12
611,65,665,3,2024-09-12,13,48,10,12
612,67,685,3,2024-09-12,13,48,40,12
613,73,705,3,2024-09-12,13,48,40,12
614,69,725,3,2024-09-12,13,47,37,12
615,65,745,3,2024-09-12,13,48,15,12
616,63,765,3,2024-09-12,13,47,46,12
617,65,785,3,2024-09-12,13,48,42,14
618,66,805,3,2024-09-12,13,47,52,12
619,64,825,3,2024-09-12,13,47,52,12
620,66,845,3,2024-09-12,13,47,30,12
621,66,865,3,2024-09-12,14,48,37,11
622,65,886,3,2024-09-12,14,48,46,12
623,71,905,3,2024-09-12,13,48,42,12
624,40,926,3,2024-09-12,13,48,42,12
625,47,946,3,2024-09-12,2,72,53,13
626,55,965,3,2024-09-12,2,73,62,13
627,64,986,3,2024-09-12,2,73,36,10
628,51,1006,3,2024-09-12,2,72,49,9
629,48,1026,3,2024-09-12,2,75,49,8
630,45,1046,3,2024-09-12,2,75,49,8
631,48,1065,3,2024-09-12,2,75,41,8
632,44,1085,3,2024-09-12,2,75,41,8
633,35,1106,3,2024-09-12,2,77,8,7
634,34,1126,3,2024-09-12,2,77,8,7
635,39,1145,3,2024-09-12,2,79,8,8
636,44,1165,3,2024-09-12,2,79,8,8
637,40,1186,3,2024-09-12,2,81,7,6
638,45,1206,3,2024-09-12,2,81,7,6
639,48,1225,3,2024-09-12,2,82,6,6
640,50,1246,3,2024-09-12,2,82,6,6
641,45,1266,3,2024-09-12,2,83,6,6
642,43,1286,3,2024-09-12,2,83,12,6
643,36,1306,3,2024-09-12,2,83,9,6
644,1,365,4,2024-09-13,15,66,2,13
645,1,385,4,2024-09-13,15,66,2,13
646,11,405,4,2024-09-13,15,66,2,13
647,24,425,4,2024-09-13,15,66,2,13
648,26,445,4,2024-09-13,15,63,2,13
649,33,465,4,2024-09-13,15,64,2,13
650,24,485,4,2024-09-13,15,61,2,13
651,31,505,4,2024-09-13,15,61,2,13
652,25,525,4,2024-09-13,15,61,2,13
653,26,545,4,2024-09-13,15,60,2,13
654,30,566,4,2024-09-13,14,61,2,12
655,37,585,4,2024-09-13,15,59,1,13
656,41,605,4,2024-09-13,15,59,1,13
657,48,625,4,2024-09-13,14,59,1,13
658,51,645,4,2024-09-13,14,59,1,13
659,49,665,4,2024-09-13,14,56,1,14
660,50,685,4,2024-09-13,14,57,1,14
661,56,705,4,2024-09-13,14,55,1,13
662,57,725,4,2024-09-13,14,55,1,13
663,65,745,4,2024-09-13,14,56,1,14
664,66,765,4,2024-09-13,14,56,7,14
665,63,785,4,2024-09-13,14,56,7,14
666,57,805,4,2024-09-13,14,54,2,14
667,45,825,4,2024-09-13,14,54,2,14
668,48,845,4,2024-09-13,15,54,18,14
669,59,865,4,2024-09-13,16,53,1,15
670,65,885,4,2024-09-13,16,54,15,14
671,65,905,4,2024-09-13,17,55,1,14
672,73,925,4,2024-09-13,9,71,50,15
673,75,945,4,2024-09-13,9,71,50,15
674,79,965,4,2024-09-13,9,73,50,13
675,80,985,4,2024-09-13,9,75,69,16
676,75,1006,4,2024-09-13,9,75,69,16
677,84,1025,4,2024-09-13,9,76,87,11
678,85,1045,4,2024-09-13,9,76,88,10
679,83,1066,4,2024-09-13,9,76,88,10
680,79,1085,4,2024-09-13,9,76,84,10
681,76,1105,4,2024-09-13,9,77,85,10
682,65,1125,4,2024-09-13,9,78,100,10
683,64,1146,4,2024-09-13,9,79,100,9
684,65,1166,4,2024-09-13,9,81,100,10
685,55,1185,4,2024-09-13,9,80,100,10
686,49,1205,4,2024-09-13,9,82,92,10
687,42,1225,4,2024-09-13,9,82,92,10
688,47,1245,4,2024-09-13,9,82,81,10
689,46,1265,4,2024-09-13,9,82,77,10
690,42,1285,4,2024-09-13,9,84,79,10
691,39,1305,4,2024-09-13,9,85,70,10
692,1,365,5,2024-09-14,18,81,24,20
693,2,385,5,2024-09-14,18,81,24,20
694,2,405,5,2024-09-14,18,80,17,20
695,1,425,5,2024-09-14,18,80,67,20
696,1,445,5,2024-09-14,18,80,18,20
697,2,465,5,2024-09-14,18,79,23,20
698,6,486,5,2024-09-14,18,80,23,20
699,9,505,5,2024-09-14,18,79,24,20
700,15,525,5,2024-09-14,18,79,35,20
701,15,545,5,2024-09-14,18,78,35,20
702,20,565,5,2024-09-14,18,78,35,20
703,18,585,5,2024-09-14,18,78,35,21
704,24,606,5,2024-09-14,18,79,35,20
705,40,625,5,2024-09-14,18,77,22,20
706,43,645,5,2024-09-14,18,77,22,20
707,45,665,5,2024-09-14,18,76,30,20
708,54,685,5,2024-09-14,18,76,30,21
709,65,705,5,2024-09-14,18,76,57,20
710,60,725,5,2024-09-14,18,76,30,20
711,55,745,5,2024-09-14,18,76,30,20
712,48,765,5,2024-09-14,18,75,24,21
713,35,786,5,2024-09-14,18,75,24,21
714,34,805,5,2024-09-14,18,74,21,21
715,40,825,5,2024-09-14,18,74,23,21
716,48,846,5,2024-09-14,18,75,30,21
717,52,865,5,2024-09-14,18,74,11,21
718,55,885,5,2024-09-14,18,74,10,22
719,54,905,5,2024-09-14,18,74,10,22
720,57,925,5,2024-09-14,11,82,60,21
721,52,945,5,2024-09-14,11,82,60,21
722,50,965,5,2024-09-14,11,83,38,19
723,53,985,5,2024-09-14,11,83,60,20
724,54,1005,5,2024-09-14,11,83,38,19
725,47,1025,5,2024-09-14,11,83,38,19
726,52,1045,5,2024-09-14,11,83,35,22
727,53,1066,5,2024-09-14,11,84,35,22
728,62,1085,5,2024-09-14,11,84,35,23
729,62,1105,5,2024-09-14,11,84,35,23
730,62,1126,5,2024-09-14,11,84,35,22
731,47,1145,5,2024-09-14,11,84,35,22
732,40,1165,5,2024-09-14,11,86,41,26
733,39,1185,5,2024-09-14,11,86,35,25
734,41,1205,5,2024-09-14,11,86,24,24
735,53,1225,5,2024-09-14,11,87,21,21
736,49,1245,5,2024-09-14,11,87,24,21
737,35,1265,5,2024-09-14,11,85,30,23
738,30,1285,5,2024-09-14,11,85,30,23
739,30,1305,5,2024-09-14,11,85,20,21
740,31,365,6,2024-09-15,17,75,13,16
741,31,386,6,2024-09-15,17,73,17,16
742,31,405,6,2024-09-15,17,74,17,16
743,31,425,6,2024-09-15,17,74,17,16
744,31,445,6,2024-09-15,18,73,16,16
745,31,465,6,2024-09-15,17,73,14,16
746,0,485,6,2024-09-15,17,73,14,16
747,24,505,6,2024-09-15,17,71,9,16
748,38,525,6,2024-09-15,17,70,10,16
749,46,545,6,2024-09-15,17,70,10,16
750,40,565,6,2024-09-15,17,70,14,16
751,26,585,6,2024-09-15,17,70,17,16
752,26,605,6,2024-09-15,17,70,17,16
753,24,626,6,2024-09-15,17,70,18,16
754,31,645,6,2024-09-15,17,69,23,16
755,42,665,6,2024-09-15,17,69,23,16
756,46,685,6,2024-09-15,17,68,23,16
757,47,705,6,2024-09-15,17,68,23,16
758,47,725,6,2024-09-15,17,65,15,16
759,42,745,6,2024-09-15,17,66,18,16
760,40,765,6,2024-09-15,17,66,9,17
761,42,785,6,2024-09-15,17,66,12,17
762,50,805,6,2024-09-15,18,67,43,17
763,57,825,6,2024-09-15,18,67,43,17
764,57,845,6,2024-09-15,19,61,9,19
765,54,865,6,2024-09-15,18,63,11,19
766,55,885,6,2024-09-15,17,62,15,18
767,55,905,6,2024-09-15,7,81,30,16
768,49,925,6,2024-09-15,7,81,30,16
769,55,945,6,2024-09-15,7,81,8,16
770,65,965,6,2024-09-15,6,81,8,18
771,70,986,6,2024-09-15,6,81,8,18
772,71,1005,6,2024-09-15,7,80,24,18
773,69,1025,6,2024-09-15,7,80,24,18
774,72,1045,6,2024-09-15,7,82,44,16
775,69,1065,6,2024-09-15,7,82,8,16
776,66,1085,6,2024-09-15,6,84,8,17
777,65,1105,6,2024-09-15,7,83,8,17
778,65,1125,6,2024-09-15,7,84,8,14
779,59,1146,6,2024-09-15,7,85,8,12
780,63,1165,6,2024-09-15,7,85,8,12
781,71,1185,6,2024-09-15,7,84,8,12
782,69,1206,6,2024-09-15,7,84,8,11
783,62,1225,6,2024-09-15,7,84,8,10
784,63,1245,6,2024-09-15,7,84,8,9
785,44,1265,6,2024-09-15,7,87,8,10
786,37,1286,6,2024-09-15,7,87,8,10
787,36,1305,6,2024-09-15,7,88,8,9